looker_url,customers
https://qsi001.cloud.looker.com,"INDCTR,OCSDS"
https://qsi002.cloud.looker.com,CAMCC
https://qsi003.cloud.looker.com,NJSTRES
https://qsi004.cloud.looker.com,TNHEALTHCONNECT
https://qsi005.cloud.looker.com,PIN
https://qsi006.cloud.looker.com,ALSPECT
https://qsi007.cloud.looker.com,MDJWSCS
https://qsi008.cloud.looker.com,GAAACSB
https://qsi009.cloud.looker.com,OHSTJOE
https://qsi010.cloud.looker.com,SOUND
https://qsi011.cloud.looker.com,DEMO2
https://qsi012.cloud.looker.com,GAHLND
https://qsi013.cloud.looker.com,MTHFH
https://qsi014.cloud.looker.com,MOQOPC
https://qsi015.cloud.looker.com,OHCLS
https://qsi016.cloud.looker.com,IAAHFA
https://qsi017.cloud.looker.com,PAKEYSN
https://qsi018.cloud.looker.com,OHLYAFS
https://qsi019.cloud.looker.com,MABOSTN
https://qsi020.cloud.looker.com,NJTCFGE
https://qsi021.cloud.looker.com,MSCANPY
https://qsi022.cloud.looker.com,CAHILLS
https://qsi023.cloud.looker.com,MNNHCFS
https://qsi024.cloud.looker.com,SDLSSSD
https://qsi025.cloud.looker.com,UTCPF
https://qsi026.cloud.looker.com,LACAHSD
https://qsi027.cloud.looker.com,MOPREFH
https://qsi028.cloud.looker.com,NJJHI
https://qsi029.cloud.looker.com,IAYTHSS
https://qsi030.cloud.looker.com,OHLGRCI
https://qsi031.cloud.looker.com,MAMENT
https://qsi032.cloud.looker.com,UTPIHC
https://qsi033.cloud.looker.com,OHPEPRO
https://qsi034.cloud.looker.com,CAMHALA
https://qsi035.cloud.looker.com,IALUTSV
https://qsi036.cloud.looker.com,OHFAMCC
https://qsi037.cloud.looker.com,KSCKMHC
https://qsi038.cloud.looker.com,TXATLTS
https://qsi039.cloud.looker.com,AKFBNAT
https://qsi040.cloud.looker.com,LAVOASL
https://qsi041.cloud.looker.com,AROBHAW
https://qsi042.cloud.looker.com,MAHILEC
https://qsi043.cloud.looker.com,OHFSRVA
https://qsi044.cloud.looker.com,AZFAMSA
https://qsi045.cloud.looker.com,CTCWBGC
https://qsi046.cloud.looker.com,OCMACC
https://qsi047.cloud.looker.com,ILAUNTM
https://qsi048.cloud.looker.com,TXEPCGC
https://qsi049.cloud.looker.com,NJPREBH
https://qsi050.cloud.looker.com,GAIT
https://qsi051.cloud.looker.com,GALKT
https://qsi052.cloud.looker.com,GAGTWY
https://qsi053.cloud.looker.com,GACOBB
https://qsi054.cloud.looker.com,GADUGCB
https://qsi055.cloud.looker.com,BHNINC
https://qsi056.cloud.looker.com,PAPYRMD
https://qsi057.cloud.looker.com,VBHCS
https://qsi058.cloud.looker.com,OAKLAWN
https://qsi059.cloud.looker.com,DECNXNS
https://qsi060.cloud.looker.com,SCBHS
https://qsi061.cloud.looker.com,DECNXNS2
https://qsi062.cloud.looker.com,CPSVC
https://qsi063.cloud.looker.com,GBCTR
https://qsi064.cloud.looker.com,OHBRITV
https://qsi065.cloud.looker.com,KYSELFR
https://qsi066.cloud.looker.com,DPHMH
https://qsi067.cloud.looker.com,ARCHTEMP
https://qsi068.cloud.looker.com,"ARTSVC,DEMOSYS,DEMOSYS_CRED"
https://qsi069.cloud.looker.com,"CASCHARP,ILSAFRF,NYIBDCC,ORXPIOHI2"
https://qsi070.cloud.looker.com,"CCHIT,DRUMMOND,NJCMMAU,OHWOMENS,ORVOAOR"
https://qsi071.cloud.looker.com,"CAMASADA,HAYMKT,LABCMHOLD,NJFSH,OHISBHOHIO"
https://qsi072.cloud.looker.com,"CTBHCAR,DRENK,MAMENTR,OHJCESC,TRAINING"
https://qsi073.cloud.looker.com,"ALHIGHS,DEMO15,MALCFTD,TRLGY"
https://qsi074.cloud.looker.com,"CPLSY,DEMO7,NJJWFCS,OHNDI,WAACIHS"
https://qsi075.cloud.looker.com,"CTJFSGH,OHBLHBS,OHELDRS,OHPRISM,WACCSWW"
https://qsi076.cloud.looker.com,"CTCCFSN,CTLNVPCR,DEMO5,MOARTHURCTR,MOSBH"
https://qsi077.cloud.looker.com,"DEMO3,LARMSRV,MAUMSMH,PAUNITY"
https://qsi078.cloud.looker.com,"OHGESMV,ORXPIOH,TCNBH,WAPOCCS"
https://qsi079.cloud.looker.com,"GABMC,GATRINS,LIFECARE,OHDAYBK"
https://qsi080.cloud.looker.com,"PASTRAW,SBHIO,SIGNL,TMPMH"
https://qsi081.cloud.looker.com,"IAYHFS,JEVSHS,ORFAMSL,ORSLNMH"
https://qsi082.cloud.looker.com,"CTJFSGNH,NYCASES,NYSTCHS,TCNMCRC"
https://qsi083.cloud.looker.com,"FCDHS,GAVASHT,NJTRCHI,PTHWY"
https://qsi084.cloud.looker.com,"NYCFHFS,OHPIKEC,WADSBHC"
https://qsi085.cloud.looker.com,"CFLFCI,NJJFCHS,PACCTC"
https://qsi086.cloud.looker.com,"DEMO12,ISAOH,PAVPS,TVC"
https://qsi087.cloud.looker.com,"AUTOMATION,DEMO1,ILLSS"
https://qsi088.cloud.looker.com,"DEMO11,MCCA,NYOCMSI"
https://qsi089.cloud.looker.com,"DEMO,DEMO6,MERIDIAN"
https://qsi090.cloud.looker.com,"ASFCF,DEMO4,KYCHONK"
https://qsi091.cloud.looker.com,"MNHDC,NJJFSCN,WAXPIOH"
https://qsi092.cloud.looker.com,"CACMMHC,GAPINES,MAINSHR"
https://qsi093.cloud.looker.com,"CTBRANF,PACOGI,PWAYGA"
https://qsi094.cloud.looker.com,"AKSEAVW,CTCGCCL,OHHPSYS"
https://qsi095.cloud.looker.com,"ILOMNIY,KYREDWD,UCSIA"
https://qsi096.cloud.looker.com,"OHPSYCC,PAAUBER,PCFCS"
https://qsi097.cloud.looker.com,"MASTPST,PBH,TNRENEW"
https://qsi098.cloud.looker.com,"ALBRIGE,GAFLNCN,OCNMH"
https://qsi099.cloud.looker.com,"CTCJR,HVMHC,MACRJ"
https://qsi100.cloud.looker.com,"CGCMF,CRSRD,OHCOMPDRUG"
https://qsi101.cloud.looker.com,"AKVOLAM,ERDGH,OHGLCTR"
https://qsi102.cloud.looker.com,"CTCTREN,FMRSH,NJOCC"
https://qsi103.cloud.looker.com,"INVOAOH,PAWOODS,WACHLDC"
https://qsi104.cloud.looker.com,"ILHRCTR,OHACC,ORNHSOH"
https://qsi105.cloud.looker.com,"ILPILRS,MEOCMHS,MIALLIANCE,OHCOMCS"
https://qsi106.cloud.looker.com,"AKCHLDF,AKDENALI,COJFSVC,MAYOUIN"
https://qsi107.cloud.looker.com,"MASTANN,OHFOBHS,PFORP,TMHCATN"
https://qsi108.cloud.looker.com,"IAFOUNDATION,ORBRCHG,ZMBRO"
https://qsi109.cloud.looker.com,"FSVCA,MNHWEHS,SHLTR"
https://qsi110.cloud.looker.com,"AKJUYSI,DEMO13,WACRMHS"
https://qsi111.cloud.looker.com,"AKCS,MOGRCTR,VILAG"
https://qsi112.cloud.looker.com,"OHFRSHC,TCVMH,TRLDL"
https://qsi113.cloud.looker.com,"ILECKER,OHSIXCO,OHUMADA,WADYTHS"
https://qsi114.cloud.looker.com,"CMHAC,CTBDGHC,ILGPSVC,NJCBH"
https://qsi115.cloud.looker.com,"GROGA,MLSTN,MTWAIN,ORKRSNW"
https://qsi116.cloud.looker.com,"GAAHOPE,OHEMPEX,OHSHCCC,PAICFSI"
https://qsi117.cloud.looker.com,"MARIVCC,NYSTDOM,OHBHCCH,PANORTC"
https://qsi118.cloud.looker.com,"CTPERCP,NJCFGHN,OHRIVRS,TLLMK"
https://qsi119.cloud.looker.com,"AKASSETS,MIHLYCS,NYBPCRI,WACLRKC"
https://qsi120.cloud.looker.com,"CAEXODUS,COMHBHI,OHTALBT,PAARCMANOR"
https://qsi121.cloud.looker.com,"LAURL,OHGCBHS,OHMATHP"
https://qsi122.cloud.looker.com,"AKSPBHS,ALCAHBA,LHSET"
https://qsi123.cloud.looker.com,"MAVOLAM,ORCOLCR,PACVCAI,GACARING"
https://qsi124.cloud.looker.com,"CTCHFST,MNCHOSC,ORWBC,SWANS"
https://qsi125.cloud.looker.com,"AKJAM,ALECMHC,WAAMBHS"
https://qsi126.cloud.looker.com,"INYTHOC,MAPINEI,MOARCOA"
https://qsi127.cloud.looker.com,"EARTH,NECHN,PAJFKBH,CATVFSI"
https://qsi128.cloud.looker.com,"GACFI,OHMIDOH,OHMODPW"
https://qsi129.cloud.looker.com,"ALMHBCS,GAMFBHC,ILHEART,CABOYR"
https://qsi130.cloud.looker.com,"OHEASTC,ORLKGLS,PACFF,WAFMLYS"
https://qsi131.cloud.looker.com,"CTTCFGC,HRZNH,SNTRO,WACCDOY"
https://qsi132.cloud.looker.com,"ILBEWCB,OHBUTLR,PALCARC,PSYSVC"
https://qsi133.cloud.looker.com,"IACIOWA,OHEMERG,RINEBAS,WACRSIS"
https://qsi134.cloud.looker.com,"AKCOOK,GARCVPL,ILSOSUB,KYMRYHT"
https://qsi135.cloud.looker.com,"MOBCSVS,SCHRC,TRIAL,WAOLYPC"
https://qsi136.cloud.looker.com,"CAREY,FAMOUT,SCCTC,TXHOUST"
https://qsi137.cloud.looker.com,"AAMHC,NJCTS,WILDR"
https://qsi138.cloud.looker.com,"AKAKELA,GGMHC,WATRITS"
https://qsi139.cloud.looker.com,"AKACHMS,AKS,CTSCADD"
https://qsi140.cloud.looker.com,"ALMAMHA,KYLIFSK,OHCOMHA,PALARCHE"
https://qsi141.cloud.looker.com,"AKXPIOH,ALVOASE,CWOOD,WALIFLN"
https://qsi142.cloud.looker.com,"CHRYSALIS,CMBRLD,TXCAD"
https://qsi143.cloud.looker.com,"AKTANANA,LAAAHSD,MAGADRA,OHCCHOO"
https://qsi144.cloud.looker.com,"AKKANA,ALNAMHC,ILSRTCN,MASMDOC"
https://qsi145.cloud.looker.com,"ALEAMHC,GAPTPRO,OHCCC"
https://qsi146.cloud.looker.com,"CAGHMHC,CBIC,FCAWEB,OHMCKHL"
https://qsi147.cloud.looker.com,"OHCRSCN,OHRAVEN,OHSCITO"
https://qsi148.cloud.looker.com,"HAMDN,NJMHC,OHMUSBH"
https://qsi149.cloud.looker.com,"MHSDL,OHCAMBR,WBRGN"
https://qsi150.cloud.looker.com,"EMRGC,KSFND,NYLISCI"
https://qsi151.cloud.looker.com,"MALUKCC,NYFSWCH,OHRFSCF"
https://qsi152.cloud.looker.com,"NCOMM,OHUMC,SMEMR"
https://qsi153.cloud.looker.com,"COCONSORTIUM,ORXPIOHEDS,PAJADEW"
https://qsi154.cloud.looker.com,"CLTSP,FGCWC,MONCMMH,PADCFCM"
https://qsi155.cloud.looker.com,"MOFGCBH,OHCBHTH,OHCCBH,OHSCCRC"
https://qsi156.cloud.looker.com,"MOBHR,ORWILLF,PACRSCS,VTARISS"
https://qsi157.cloud.looker.com,"AKCCI,KYADANT,ORCFD,WAEXSYC"
https://qsi158.cloud.looker.com,"MNNPMHC,NJVANHS,YTHHM"
https://qsi159.cloud.looker.com,"ALSWAMH,MIKCC,NJRCHDH"
https://qsi160.cloud.looker.com,"GAHORIZONS,ILHAS,NYCNGSV"
https://qsi161.cloud.looker.com,"BGVLG,MAWYFSN,OHREACH"
https://qsi162.cloud.looker.com,"DRKCT,MIWLSLS,OROCP,RBMHC"
https://qsi163.cloud.looker.com,"DCCCA,NJBNNBR,SMTPSY"
https://qsi164.cloud.looker.com,"CTCCAOH,ORBRWRC,WMHCTR"
https://qsi165.cloud.looker.com,"CCMHR,MOREDIS,PAFSH"
